,TotalVotes,RejectedBallots
53865,290,0
45957,240,2
49506,295,0
68156,229,3
36912,244,1
57087,220,0
41983,155,2
58858,195,0
17651,171,5
12817,269,1
2583,242,0
20673,122,3
64033,94,0
57355,105,1
27648,172,2
64970,252,0
1763,280,1
59514,201,0
68987,233,0
33349,193,0
27388,201,1
51382,193,0
73027,458,12
63095,70,0
2089,205,0
29030,382,2
29200,131,0
52350,136,0
56634,176,2
48677,280,2
35914,185,0
62984,180,0
19226,144,1
47405,276,0
44885,891,4
52971,102,0
1567,213,0
65700,317,1
4240,126,0
453,76,0
58748,162,0
38274,228,1
24577,231,0
62981,337,0
3135,201,1
27268,238,1
33601,117,0
15254,169,5
69677,240,1
43974,84,1
15894,193,4
30322,212,2
44056,262,3
61745,250,0
27187,122,0
49519,282,0
35591,245,0
72026,223,0
28629,110,1
45352,255,2
849,195,0
4796,164,1
34325,765,4
39101,196,0
41813,164,0
40034,190,1
22775,193,7
15739,356,9
25543,177,1
70402,137,0
70332,161,1
55262,838,3
34367,155,3
26949,155,0
71300,164,1
7624,128,0
6696,151,1
8405,251,1
59574,214,0
9216,153,2
12548,817,12
64466,816,0
67943,281,0
53774,159,1
33975,319,0
2703,271,0
52167,237,0
60246,223,1
32645,201,1
52696,68,0
69696,217,0
60493,273,1
33268,325,0
45026,84,0
46424,164,0
4641,493,4
40811,200,1
22255,175,5
27893,136,0
53679,250,0
6380,201,1
17128,213,3
39780,214,1
39466,774,5
35233,181,1
14814,164,3
66747,262,0
19590,1214,12
37539,125,1
27855,220,1
69834,153,0
51781,560,2
26184,189,0
47388,231,1
12226,200,1
63210,221,0
54466,126,0
13760,270,2
60920,220,1
15846,163,2
73453,91,0
16174,278,2
34156,219,0
52645,189,2
22916,198,6
14889,241,1
72574,103,5
22180,166,8
267,64,0
18195,95,2
49914,141,0
54302,90,0
70348,111,0
65531,192,0
46397,116,1
26562,204,3
39962,165,1
23400,247,4
41770,208,0
58936,174,1
18453,183,2
54135,236,1
25726,164,0
69119,182,0
2678,224,0
11800,135,2
32622,236,0
35556,183,1
62110,234,1
49502,278,2
31881,251,0
52933,262,2
33401,277,0
68593,211,0
36901,140,0
11199,225,7
39694,248,1
72600,191,4
8363,176,3
16403,306,6
20367,268,3
16060,217,5
3693,185,3
15618,212,2
30290,673,9
11415,1175,10
27060,694,1
22015,210,1
6945,227,2
28273,51,4
58819,236,0
42404,273,0
34418,206,1
22523,223,3
42023,303,1
60167,1433,12
40636,151,2
24744,169,2
52689,862,3
30950,127,6
673,242,3
35420,168,0
50020,263,1
2917,169,1
73374,242,1
20197,209,0
19371,121,2
57794,194,2
42374,50,0
11632,209,1
35052,272,1
30517,243,0
40453,138,0
6188,240,2
59556,543,0
58288,218,0
37867,218,0
37771,273,1
407,255,2
40411,923,0
8395,95,3
45610,219,3
13903,211,5
56884,311,1
8222,202,2
49090,157,1
67101,267,2
54472,221,0
68500,263,0
45570,261,1
45114,218,0
23796,166,4
34799,201,3
51494,21,0
12711,261,3
3687,251,1
17780,234,2
3763,332,1
42885,184,2
40130,109,1
66750,231,1
21604,224,2
30619,197,0
20037,220,2
10199,130,0
41408,281,4
47190,121,0
30674,252,1
41574,295,1
32243,222,0
9025,262,3
51706,33,0
37763,134,0
9409,124,1
58099,238,0
34485,149,1
65189,209,0
39096,200,0
63153,180,0
50921,104,1
12068,212,5
26118,227,2
63401,190,0
52098,159,1
69356,229,0
42076,219,1
2697,202,2
34196,345,2
54855,234,2
46007,115,2
64682,253,0
52458,107,2
68287,190,0
22781,139,2
73496,14,2
33124,157,0
30554,222,0
52862,902,3
10687,92,3
33768,221,1
52656,235,0
39768,174,4
37860,264,0
72276,212,0
19529,281,3
11799,221,1
57684,222,0
47586,188,0
26314,207,3
45156,138,0
23075,181,3
2921,222,0
46546,215,2
41640,348,3
27858,147,1
69671,241,2
28585,249,0
53677,219,1
27745,152,2
47428,149,6
50880,161,0
16759,157,3
874,239,0
50171,195,0
1460,229,0
2377,95,0
19420,206,2
30409,291,1
11479,292,3
14026,246,2
25559,151,0
30831,209,1
52184,226,1
67319,135,0
12007,114,0
68835,243,2
27944,170,0
12707,273,6
69123,236,0
37934,950,6
8834,152,1
31399,274,0
54983,251,1
28890,180,2
6417,221,0
49039,191,2
50233,248,1
1512,65,3
21469,183,2
65106,85,2
31878,177,0
3543,258,0
70043,53,0
44115,256,0
921,79,1
72348,212,3
11109,288,5
53678,231,2
39597,212,1
32189,176,0
9130,180,0
10769,748,10
771,167,0
56681,232,3
37039,61,3
61905,208,0
67454,299,3
49615,328,1
37005,193,1
53197,83,0
2489,258,0
25150,214,0
71844,263,0
40631,181,1
26717,167,1
61605,263,1
38929,159,0
48873,48,0
47413,322,0
5953,207,1
41767,189,2
27807,121,0
7655,145,3
7445,738,7
46519,195,0
20825,74,0
896,53,1
60733,178,0
9103,232,5
220,145,7
24887,205,0
33565,158,0
64420,228,0
36700,191,1
19968,242,6
37837,252,0
51477,180,1
5139,150,1
11023,230,4
28528,174,1
43866,204,1
55228,252,1
22369,227,5
18689,158,1
35003,106,0
49982,123,0
977,217,0
36896,231,0
38922,235,0
34386,131,1
63390,243,1
2326,118,0
72536,158,0
27860,179,0
41080,200,1
22150,96,2
48276,213,0
4541,199,1
12816,222,5
30240,186,0
1194,193,0
70651,265,0
29937,219,0
34825,157,0
9504,243,2
60139,157,0
47588,274,0
37782,196,0
34526,48,1
16910,164,5
70251,323,0
15982,157,1
35155,169,0
13438,300,10
24358,160,2
53808,277,0
21247,886,7
69978,233,0
29532,192,0
19182,152,0
1060,249,0
22592,150,2
36608,158,0
21340,184,4
35257,208,0
66049,135,0
44848,179,0
60994,164,0
1418,444,1
30687,160,0
40446,193,2
10451,152,4
64818,259,1
29483,130,3
35298,239,0
38582,164,0
67982,191,1
27403,219,0
67663,245,0
45050,152,1
65593,197,2
396,118,2
9477,153,3
25194,170,0
50422,177,0
25251,220,0
36326,233,1
20126,198,2
73174,211,1
9135,172,6
46789,91,5
60802,180,0
65589,304,2
44771,277,2
8668,252,3
37054,231,0
18666,247,2
20922,234,0
818,153,0
2028,111,0
48187,212,1
35488,188,0
53075,237,4
9980,234,1
59580,214,0
10956,192,3
41713,226,2
72047,144,1
32116,71,1
50650,223,6
17138,249,8
33220,148,0
35465,743,1
27430,200,1
71008,244,2
24927,178,0
47844,277,3
43036,98,5
70457,214,0
16641,123,4
68139,255,0
63963,163,0
22887,213,5
18135,126,0
30179,193,1
64813,221,1
57377,215,2
26752,175,0
4005,207,2
23016,219,0
19639,165,4
19456,191,2
2925,168,2
66143,269,1
28818,296,0
60729,224,0
24398,116,10
56621,110,1
2141,85,0
25345,216,0
71532,108,1
57737,215,1
40297,194,1
57081,183,0
39109,184,1
56685,264,1
34953,231,1
62477,222,4
58006,249,2
20649,124,4
65221,121,0
45378,219,5
61901,241,0
30715,502,1
30156,125,1
2784,225,1
36370,181,1
47569,219,0
42619,213,0
49304,192,1
11070,227,2
32347,621,0
49110,231,1
68755,1016,0
15621,44,1
69331,201,0
56698,238,1
34198,275,0
20463,238,4
19054,1026,4
50715,388,3
30320,232,0
51044,174,4
62309,243,0
61844,204,0
34924,152,2
54417,35,0
36615,767,1
64309,143,0
14719,149,4
69538,166,0
42090,325,2
10209,193,3
28632,188,2
15683,231,1
41536,200,0
66789,212,1
39065,197,0
50952,261,2
68107,231,1
58888,256,0
5901,1691,10
2897,120,0
29245,163,0
64473,117,4
13019,146,3
33828,201,0
70556,299,0
27245,283,0
44874,76,3
8390,203,5
2742,170,1
58251,272,2
39944,122,1
25773,256,1
17049,185,6
73160,218,0
45267,1138,3
12018,25,0
41982,216,0
12274,130,0
70010,196,1
4167,228,1
8119,210,1
39829,192,0
18807,164,1
38995,185,5
56566,281,1
26817,251,0
10957,160,6
35888,211,1
58977,218,2
29648,268,0
7201,178,4
64964,175,0
63483,198,1
1902,280,2
3671,113,0
69482,127,0
9215,168,2
52142,219,2
43069,132,0
42528,260,2
7323,185,1
60967,160,0
52703,276,0
49764,229,0
22952,190,0
55769,259,0
1533,171,0
49302,239,3
54459,174,0
54157,178,0
44872,271,1
56410,132,0
25063,152,1
4131,197,0
6737,249,2
34969,146,0
40449,170,0
49702,239,0
28372,168,0
18222,119,0
32849,123,1
63843,871,0
59059,266,0
7547,146,3
45063,177,1
52995,188,0
50574,201,0
67105,303,1
50323,214,1
38883,208,1
14608,220,2
46518,225,0
73053,231,0
14864,171,3
66456,151,0
30078,176,0
25928,126,0
72284,225,2
3996,155,0
73049,218,0
66706,138,0
51509,222,2
27845,170,0
44285,307,3
44217,1536,7
44550,278,1
32838,189,1
17686,230,7
26267,154,1
63063,257,1
3113,158,0
55294,147,0
16375,146,0
58954,2187,41
7725,176,2
18372,191,1
2785,300,3
72116,242,0
58210,298,0
52919,208,1
26296,296,3
6988,1041,6
19013,154,0
8227,209,2
1552,119,0
26532,174,0
56078,175,0
39536,173,0
20847,205,1
12364,131,0
71780,226,0
27970,212,0
43249,173,0
6735,247,3
72883,135,0
4489,165,2
70696,219,1
43569,207,1
38742,104,0
41000,120,1
61367,193,1
71846,228,2
8978,425,6
68026,249,1
26984,243,1
17394,110,5
57660,190,1
1006,128,0
35202,150,4
21902,190,4
18668,230,0
5651,181,3
1727,225,2
42449,183,1
72821,272,2
21013,196,0
15984,146,4
13947,162,2
14104,145,0
21925,765,6
40750,179,2
59405,235,0
20791,189,1
25849,168,0
62199,221,0
54762,183,0
25042,221,0
28470,135,0
50226,211,2
9688,122,3
44197,231,0
33424,238,0
54973,238,1
35780,216,1
66865,174,0
16961,175,8
18487,118,0
50964,198,0
28775,226,2
46811,220,2
2520,164,0
68499,260,0
33771,258,0
45580,229,4
21285,165,8
69409,191,2
46241,112,5
70408,120,0
5834,164,1
28118,281,2
37342,211,3
61488,180,0
18,155,1
14772,211,2
26003,190,1
34910,120,1
67091,196,1
42408,221,0
47276,194,0
23743,111,2
36614,925,4
53133,155,0
57361,339,0
67936,325,0
30128,110,0
50612,230,1
28873,181,1
55402,148,0
29028,135,0
70258,102,6
47851,121,0
20819,279,2
64067,196,0
62782,270,0
62703,210,1
22689,150,5
51760,203,0
11520,211,0
71288,199,1
31990,167,0
9900,293,0
26253,2045,18
12421,158,3
71666,210,6
44570,201,0
33318,213,0
19178,161,0
42251,176,1
200,91,1
66402,269,1
41990,258,2
12479,154,4
55730,252,1
49865,178,1
26058,110,0
28918,190,1
23159,205,0
48533,178,1
28141,313,0
20631,186,5
40633,230,1
40354,202,0
35327,301,0
61164,182,0
28289,268,0
55682,151,0
68816,286,1
47722,250,1
5601,199,0
34482,172,0
9699,168,7
28932,228,0
20473,223,1
67906,272,1
26335,228,1
15159,149,0
18616,677,3
58226,325,1
31114,280,0
71432,308,2
27874,176,2
15634,1000,17
43481,253,2
10198,220,2
21228,248,5
4235,192,0
41886,132,1
13637,162,1
25906,179,0
27260,139,0
8219,212,4
31322,324,0
9016,279,6
12257,124,0
63718,121,0
60856,182,0
61029,76,0
17661,297,7
48,250,0
464,133,0
5586,227,1
61571,305,1
9951,238,2
28549,164,1
32712,244,0
51991,247,1
41816,416,1
72346,177,2
23209,234,4
21444,230,4
23158,248,4
4895,135,2
18462,198,3
32857,210,0
50810,186,0
2161,97,0
64989,157,0
40270,302,1
67053,194,1
66182,249,0
45200,189,2
4263,248,3
3211,131,1
30005,375,1
44344,215,1
57145,247,0
35207,118,3
47120,144,1
15122,262,1
9274,195,2
35942,1091,8
56131,268,1
3166,184,0
727,194,0
59739,242,0
2,218,4
36112,291,0
72502,165,0
18721,234,3
67569,220,4
39700,281,0
67685,224,0
48460,164,1
49966,157,0
37464,64,1
26213,232,3
41388,248,1
48970,219,0
8642,234,1
58741,239,1
45018,173,2
45832,196,0
27565,188,0
60639,198,0
25605,166,0
18338,148,1
111,237,1
257,160,0
42240,216,0
47441,75,0
53383,225,4
13650,119,4
52638,100,1
19011,158,2
60421,185,1
43529,171,1
57116,179,1
64975,143,0
12632,205,4
39847,137,0
47869,718,1
11942,164,1
55068,152,1
44107,249,0
35613,140,0
45096,120,0
4718,245,2
9974,237,1
58754,217,0
64801,164,0
33617,112,0
70724,125,6
71020,264,1
38150,200,2
24629,150,3
60017,292,1
71867,156,1
17903,122,1
9360,248,3
32158,187,1
29896,248,1
26983,226,0
40100,107,1
18028,187,2
10894,167,4
54188,231,1
29843,214,0
10390,185,6
55849,231,0
47718,170,0
63951,172,1
30678,132,0
28929,197,3
13559,192,3
69517,163,1
61987,268,0
55856,281,0
56622,182,0
66280,233,1
8122,227,3
9213,193,3
38467,236,0
48996,261,3
59468,177,0
42391,1580,17
70864,229,3
39976,106,0
25758,238,0
15427,132,6
64836,248,1
6768,163,5
37401,146,1
71906,136,0
72915,201,0
65292,153,0
16329,174,2
33088,213,3
62774,230,1
46394,145,0
52324,240,0
9370,202,0
47339,163,0
50430,233,0
29496,209,3
15088,238,2
45310,174,1
18440,221,3
1242,186,7
58469,217,2
2365,158,1
63981,249,0
38060,171,2
35889,244,0
5414,225,1
50024,163,1
70658,161,0
33963,146,0
38802,168,0
44421,247,0
40502,153,0
34946,169,0
66575,121,1
63049,209,0
9747,175,0
37729,124,1
64722,177,1
31743,244,2
17549,216,5
52903,167,0
23378,229,0
69387,876,2
36180,130,1
858,151,1
39444,235,1
64704,261,1
25589,134,0
19362,263,4
19520,185,0
64963,148,0
57694,189,1
69940,195,0
8954,210,2
63077,269,0
56695,215,0
1063,176,0
66278,266,0
69859,230,3
35070,265,0
61342,138,0
22177,138,4
56781,248,0
24849,206,1
66659,186,0
15266,223,3
33174,215,0
32194,215,2
42309,234,0
21634,226,2
24218,169,3
6519,135,0
42217,205,0
3928,207,3
32507,228,1
34774,257,0
59001,250,0
12514,237,4
26316,244,1
22461,208,1
45424,286,1
5903,437,0
33580,135,0
66990,157,0
30722,493,9
55128,169,1
1885,232,1
3062,237,0
48661,256,0
6616,145,2
29738,175,0
3937,289,2
24324,195,6
12415,192,5
56110,192,0
6679,321,3
65021,244,2
57516,219,2
55940,259,0
73231,168,0
65884,235,0
41093,229,1
68185,220,1
53565,263,1
846,98,0
26049,127,0
25591,175,0
55245,257,0
38599,173,1
19382,114,1
50557,198,0
65984,956,0
4679,239,0
9502,133,1
63650,182,1
43647,143,0
28235,282,2
43941,161,2
61882,179,0
27625,158,1
25027,1061,4
69196,202,1
28223,204,1
53150,220,0
44132,231,1
65636,170,1
11393,164,3
57392,195,0
66895,106,0
28330,170,1
54779,148,0
72285,187,3
62877,1183,0
35668,243,0
16959,264,10
22659,324,10
13354,291,6
9500,221,3
53544,182,1
2504,206,0
44907,204,0
20777,203,8
42675,121,1
48510,236,3
17366,236,3
10276,155,3
783,9,0
24599,1133,4
39684,681,4
37786,214,2
58141,290,0
23073,204,2
55942,91,1
17954,216,8
49171,215,0
25019,962,2
61804,219,0
45221,207,5
59185,236,1
67399,94,3
73489,653,2
53510,221,1
50754,162,0
12417,140,3
39304,269,0
8269,196,2
26369,202,0
58694,1444,6
33051,252,1
21654,172,4
67375,181,0
12810,126,2
18895,228,4
21215,286,4
56927,212,0
38170,200,2
64180,240,1
52279,78,0
11190,127,1
11339,190,1
21631,155,0
34598,199,3
56481,161,0
4846,171,0
57112,225,1
55080,74,1
6793,179,4
14538,213,2
14443,146,4
52015,186,0
16424,141,4
3059,129,1
69768,279,0
12832,210,1
35536,136,0
64883,803,4
13091,99,3
14293,163,1
23896,189,4
16456,173,6
59087,231,4
29875,228,0
31348,259,0
40271,288,0
51473,233,1
64999,288,0
31225,257,0
37218,248,1
24076,270,1
4582,224,1
14598,213,2
1793,128,1
55719,285,1
66319,199,0
38539,177,0
55815,247,0
21347,193,3
59737,217,1
46306,155,0
72035,148,2
19398,160,1
24897,154,0
43387,200,0
14982,178,4
55180,152,1
16945,194,8
20976,265,6
14061,168,4
9877,115,5
7257,176,2
12221,211,1
46205,145,4
49642,242,0
50908,176,0
1432,189,0
59811,143,1
36854,293,3
2695,284,0
770,175,1
7703,64,0
22277,213,5
68252,207,1
66506,98,1
37964,168,1
17733,615,20
1186,109,0
35982,169,0
10640,198,5
31149,154,2
38494,241,0
34949,219,0
20579,132,1
17455,287,8
36439,246,0
45317,182,1
59716,185,0
9375,215,3
66571,182,3
1034,71,0
8741,163,4
10629,149,0
19439,142,2
38362,260,7
10180,207,0
57275,270,0
73368,250,0
28967,231,3
56366,130,0
45931,170,1
27719,172,0
72647,185,1
71500,110,1
44925,230,0
60023,181,2
5283,98,0
49987,154,2
70774,184,3
2957,105,0
46630,157,0
28753,217,2
31491,222,0
15083,209,0
50546,174,0
40450,160,1
42793,211,1
60588,194,4
8865,151,3
6518,153,2
66784,226,0
50820,226,1
2869,166,2
6185,217,0
28070,26,0
41584,199,0
61763,359,0
3098,122,1
16617,136,0
21665,192,11
37228,124,2
20192,160,0
3570,181,2
72049,105,0
33754,171,1
24992,145,0
20046,137,6
18289,245,2
24848,221,0
36727,194,0
5296,162,2
49859,1759,14
22119,172,6
55074,183,0
45532,222,1
43746,233,6
44599,198,0
35486,218,2
23555,337,4
61183,201,0
42615,215,0
73331,166,0
71557,236,1
4564,291,2
60380,244,0
24564,263,1
2123,110,0
2151,122,0
41790,200,4
16254,161,3
30095,212,1
25390,233,0
29925,252,3
58514,251,0
53009,254,0
18629,178,5
44414,189,0
38390,223,0
30536,978,4
51319,595,0
1091,240,0
62463,176,3
25295,174,0
6229,161,5
31260,265,1
51144,162,1
68924,318,1
44313,248,0
71798,246,0
9741,159,4
67050,227,0
23349,211,3
58893,242,0
32131,356,4
32362,254,2
54631,130,1
69899,274,1
61630,233,2
31676,131,0
36069,252,1
31498,186,1
1794,170,1
69117,281,0
38347,173,0
33816,200,0
49271,184,1
58714,231,1
8515,150,2
43457,262,1
16688,195,3
18473,221,0
4013,231,1
5938,195,2
15815,151,1
39800,155,1
45042,209,0
22352,216,6
17807,187,4
10737,167,6
21839,203,9
20210,147,0
51303,88,2
19878,298,6
26909,193,2
69994,234,3
55756,168,0
36033,210,0
3099,105,1
59746,132,0
59959,108,0
32405,200,0
41428,1306,4
23687,173,9
42770,198,0
7976,296,5
40363,178,0
4295,263,0
67829,183,0
18399,235,0
15585,232,1
11280,240,4
8943,192,2
45779,149,0
22576,171,2
68369,267,0
50262,223,0
58066,218,0
56226,147,0
47432,80,6
34942,119,0
7676,164,4
57136,109,1
58004,192,0
39936,237,1
27533,195,1
73022,1261,3
12881,183,0
16511,164,5
23892,190,4
24108,210,4
70150,276,1
49843,724,1
41537,202,0
30396,216,0
59536,329,0
45486,176,1
31182,616,3
2826,95,0
33493,209,2
35862,269,1
56506,275,1
64632,177,0
9199,760,8
68033,265,2
53289,56,0
17777,169,4
47892,132,1
73101,225,0
27987,112,0
29857,327,2
53207,205,2
52779,316,2
7351,142,4
44164,283,0
49430,217,0
57167,205,0
6761,75,5
42690,213,0
7951,149,3
70984,262,1
61267,113,2
21974,162,2
45234,85,0
775,198,1
56111,162,0
63769,204,3
25580,238,0
2461,242,0
67534,227,2
35272,130,0
16062,236,4
42523,288,1
20260,169,0
15789,208,4
66673,176,0
47901,136,0
62997,212,1
5849,180,0
38095,151,0
26450,192,2
31664,951,3
51948,156,0
20008,260,8
7117,189,1
34210,154,1
36672,198,0
24600,754,2
20482,302,4
38526,280,3
28653,208,1
24127,103,1
24774,140,0
14837,141,3
33508,199,0
56395,208,0
9904,226,2
54571,175,1
22627,131,2
45367,211,1
19534,215,1
11276,246,3
36696,220,0
18692,241,3
13221,112,6
21526,218,8
36817,66,0
19108,132,0
49241,246,1
28306,244,1
4481,171,2
36534,138,1
42431,242,0
65474,182,3
70105,158,0
28079,283,1
71586,263,0
34779,189,1
68729,241,0
19607,201,1
52849,15,0
40466,177,0
17842,201,5
30475,221,2
21980,175,5
7475,251,2
1630,248,1
10454,148,2
10899,213,2
32481,155,1
70125,99,1
53980,282,0
39215,174,0
72352,166,2
2599,204,0
51124,584,5
61757,128,1
60638,235,1
9523,218,3
14802,182,5
66793,260,1
12937,236,0
49539,192,1
25781,369,0
2777,172,0
61865,133,0
54872,312,0
21649,191,5
41572,179,0
69326,246,2
70607,248,0
28947,246,0
29839,272,0
3925,134,1
4047,63,0
34405,270,3
61465,299,3
69223,175,0
12533,242,3
21380,187,2
27432,256,0
39946,237,2
29786,237,3
33274,218,1
20869,213,3
38838,272,1
22690,162,0
37578,174,2
35549,210,0
41364,249,0
20391,323,5
14918,151,2
34576,230,3
42915,72,0
46668,166,0
28846,222,4
21065,219,4
71877,198,0
10433,270,7
9632,303,3
31414,201,6
57092,192,0
44154,189,0
32296,225,0
521,82,2
8080,91,2
22330,155,5
24452,252,0
23726,135,1
30455,174,0
14171,41,1
8586,161,5
46151,119,0
12831,203,2
2507,200,1
68555,228,0
25534,221,0
49450,236,0
33571,74,0
4403,40,0
53898,227,1
64607,232,4
35930,137,2
69605,252,0
13924,1128,14
31596,253,1
32305,234,3
70490,209,0
14859,159,0
50718,120,0
19593,462,6
15831,157,0
42446,208,1
41556,228,2
39262,65,1
55770,196,1
53674,257,1
14068,104,5
31899,149,0
42679,154,0
13239,80,2
55076,353,1
28828,231,1
69233,121,0
65726,663,1
35303,175,1
59339,184,2
66347,297,0
61544,360,0
58,208,3
5564,136,0
18845,118,1
43125,178,0
53841,1011,1
8237,148,5
71812,263,2
33421,263,0
34985,448,0
5732,1238,33
46579,165,0
55186,216,2
6672,236,1
55312,187,0
23318,171,1
9879,280,2
54241,209,2
4699,243,0
23323,140,1
28211,206,1
57022,267,0
56025,218,2
9824,198,0
63736,211,0
7783,192,6
61315,124,1
39619,232,0
65427,193,0
5278,122,1
57995,202,0
13368,142,4
52024,233,1
56307,134,0
25024,1088,4
42959,174,0
60528,240,0
33832,106,0
58687,169,0
25584,139,0
11315,180,1
17617,145,4
13938,321,15
28623,156,0
63471,287,1
38953,201,3
14577,227,2
31445,278,0
72495,191,0
18683,181,0
15290,177,2
31505,243,0
37862,181,0
29197,196,1
40551,261,0
30334,224,2
60749,222,1
8898,213,2
19666,222,4
49591,644,1
22196,170,0
57992,270,3
53171,189,1
39994,304,2
56638,186,1
47129,242,0
38646,216,5
2340,167,0
11029,241,5
52403,216,2
45370,152,5
35100,199,3
42961,210,0
44620,226,1
52913,257,0
24924,146,0
8443,1410,0
30428,217,0
67898,302,0
68441,306,0
60201,265,1
10840,237,3
64697,179,0
3251,192,1
72382,662,2
12497,206,4
71386,258,2
35523,136,0
60295,263,1
19168,139,1
12156,168,2
54470,95,0
56269,52,0
22044,122,1
71074,224,0
11736,200,4
62906,358,0
17989,751,10
49829,274,0
73325,200,3
6789,237,6
32133,464,3
72858,167,1
36926,204,5
57865,258,1
48451,259,1
60962,165,1
72397,104,0
30273,232,1
14913,133,4
49600,485,0
51266,203,2
41395,253,1
30335,235,2
70276,227,0
64979,125,0
1860,91,1
9864,1382,10
27401,222,0
853,137,0
21396,198,5
41102,306,1
22209,106,1
35455,643,1
46085,204,0
68125,226,6
63426,148,1
34190,279,3
9050,195,5
47834,222,0
4628,92,12
73312,211,3
64726,175,1
49612,193,0
60411,303,1
62156,265,0
64871,251,0
43349,204,1
39014,132,9
27782,132,0
63579,238,1
67658,126,0
17143,186,7
11168,543,6
38180,230,0
37629,193,2
16841,195,1
41005,198,0
66353,221,0
50460,150,1
53864,269,0
16587,1083,12
22898,211,6
25264,146,0
71642,193,3
9332,231,2
67570,262,0
18677,169,0
25779,243,1
11737,142,1
24778,312,2
20643,161,2
43626,215,2
22614,159,1
12194,245,0
43448,208,0
36176,135,0
64650,154,0
9674,168,0
43862,183,2
11917,150,1
44512,159,0
43802,166,0
69114,218,0
10603,208,2
10411,222,7
52313,173,0
38847,262,2
52545,151,0
27124,221,1
30612,179,1
39783,276,0
67708,182,0
21959,202,3
42080,381,2
48976,205,3
28130,241,1
50045,176,9
64924,148,0
64942,247,0
4650,207,2
49948,211,0
32544,108,1
55458,226,8
71752,180,0
12152,175,2
27932,188,1
33264,186,0
62565,201,0
10102,192,2
65437,207,0
71079,225,1
5222,129,1
62891,197,0
1829,127,0
30961,229,1
37866,164,0
26323,191,0
73430,155,1
43762,172,0
62874,372,0
34991,409,5
6843,197,0
4559,89,1
26985,257,1
28045,170,1
29769,324,0
24804,149,0
61779,131,1
70426,176,1
14678,140,0
11890,149,0
65184,216,0
63644,228,1
52413,189,0
21409,174,3
5679,154,0
18504,167,1
15043,262,2
27536,254,2
42395,244,1
69246,60,0
57356,133,2
8930,227,5
11513,164,0
14740,166,0
6841,388,0
67996,172,0
20378,150,0
28396,268,3
11616,277,0
73306,241,2
11381,157,1
70015,247,0
63676,247,0
43141,271,2
15827,185,7
11775,233,3
48231,61,0
42905,17,0
11361,181,3
18326,188,0
47280,237,0
19057,907,1
47762,208,1
69628,216,1
29891,174,1
22399,1312,20
12721,198,2
2104,155,2
62514,154,0
620,176,1
40484,183,3
4648,704,6
55247,271,2
66504,199,3
22232,212,2
5354,637,7
7,190,0
28489,156,1
27295,129,0
46521,257,0
38495,270,1
42249,191,1
55816,178,0
60931,225,0
35350,148,1
30092,208,1
43240,195,0
19265,208,4
39678,538,0
70695,206,1
54477,198,0
61968,120,0
64799,219,1
25147,158,3
72847,235,1
40609,262,0
14388,236,1
45568,230,0
3407,170,1
32486,206,1
36267,190,0
7203,183,3
36352,180,0
69967,224,0
15952,295,1
67208,206,0
58250,297,1
17596,118,3
58175,236,0
66496,214,2
22074,231,2
71492,766,4
57184,694,2
41309,260,1
73030,175,0
58323,285,0
60997,250,1
70412,132,0
45966,289,0
1359,217,1
32534,245,6
11195,122,3
21931,219,1
49222,159,0
32111,189,0
12624,275,5
51185,86,0
12506,188,3
33466,1319,4
33789,240,1
18310,242,2
32402,259,1
2420,57,2
26299,186,3
55057,244,0
63289,207,1
36503,168,0
14578,217,4
18712,194,3
35408,210,1
59120,214,1
22850,186,1
13969,176,3
5790,118,1
44002,131,0
35934,840,4
37336,236,2
39290,283,1
30218,138,0
45106,121,1
21264,211,6
15500,171,1
39943,178,0
8967,442,7
22054,120,3
66538,186,0
3244,190,0
30186,259,0
62038,280,0
69319,220,0
39691,215,1
57906,232,0
30784,229,1
35653,199,1
57401,918,1
55375,252,1
47932,173,2
42665,132,0
43722,108,0
52035,130,0
14070,237,2
36852,230,0
14759,165,6
29859,333,3
3253,195,2
10623,135,1
63851,1203,19
51578,287,0
5068,202,1
67343,219,1
63499,249,0
7594,212,2
12432,216,4
55934,158,0
53014,235,1
28482,134,0
25695,273,2
33518,58,0
19902,235,1
58849,208,3
17534,174,5
53653,72,1
10953,257,6
2648,166,0
48967,228,2
3626,243,2
51206,141,0
7813,178,6
62045,165,0
967,139,0
44171,242,0
28317,210,0
54131,246,1
4859,182,0
68753,1306,4
66823,234,0
61526,197,0
6086,498,2
18395,202,1
37992,285,9
21512,145,3
28300,238,1
53422,157,1
37413,56,2
7113,135,2
59117,256,0
2244,195,2
58760,265,0
36783,201,0
9337,258,3
50511,223,0
12599,209,2
69569,580,3
20050,230,3
55786,74,0
30672,323,1
46134,175,0
42937,215,1
34155,278,0
44640,131,0
34401,197,1
56461,249,1
40263,209,0
67552,303,1
52212,96,0
58093,211,1
229,155,0
44728,231,5
45906,226,3
62460,161,0
66391,124,1
12938,224,0
68826,237,0
7791,193,2
29635,245,1
32253,157,0
49817,205,6
36806,188,0
28275,113,8
48434,185,2
32768,97,1
20413,213,5
70692,230,0
48236,149,0
13806,220,0
49288,227,0
56788,147,0
55936,175,0
8518,225,1
42992,189,1
16008,196,1
35607,203,1
55323,15,0
43097,178,0
55184,249,2
59215,247,1
48519,233,1
46807,178,1
21278,202,9
7428,44,1
52784,118,1
39141,128,2
73224,266,0
10089,1093,20
37887,235,0
52847,161,0
19617,184,2
57343,237,0
66326,199,0
54589,99,2
46094,261,1
11146,215,3
5879,232,0
19370,346,8
60251,178,0
64359,203,3
21712,163,4
25997,227,0
38413,242,0
42964,160,1
42081,343,4
58208,233,1
54726,204,1
40543,278,0
58362,141,2
30602,181,0
43239,225,1
67837,220,0
70697,245,0
43099,179,0
29709,163,0
51361,265,2
48887,38,0
68202,199,1
51210,203,10
28667,985,3
10404,289,5
59686,195,1
58736,169,1
71570,205,1
19253,185,1
7202,181,1
70417,176,2
70349,202,1
12813,161,0
57987,202,0
61873,137,0
22230,207,2
21671,252,4
10023,215,1
41552,254,0
26954,177,0
5724,553,5
15383,199,5
62465,204,0
18007,313,3
61175,195,0
25869,160,1
66032,283,0
21113,237,2
2586,202,0
32295,206,1
35394,158,0
58756,251,2
62758,263,0
37888,303,0
2564,142,2
57828,204,2
16694,193,2
12465,173,5
11033,178,1
50716,21,0
35137,226,3
28242,212,0
37662,167,1
66674,156,1
8296,199,1
35324,194,0
46615,182,0
6648,212,3
20456,138,5
45484,289,0
13718,836,14
19744,252,2
60092,258,0
33529,277,1
4014,246,0
38748,54,1
18880,238,1
277,59,0
59489,184,1
25250,163,1
57655,208,2
49061,212,2
55724,296,0
4100,196,2
3298,692,1
16226,138,0
3766,234,6
30815,158,1
31218,290,0
56123,198,2
27491,191,1
5255,195,0
42314,150,1
52197,233,2
55696,226,0
69095,235,0
54809,207,0
8931,213,4
14717,161,0
23322,192,1
31967,208,0
15058,223,1
16676,160,4
41302,243,2
26670,135,1
28555,127,1
45938,240,0
51301,148,2
45544,165,1
17830,166,5
30956,138,1
14715,153,2
31051,155,0
8920,144,4
6748,308,5
48209,140,0
48399,252,0
36717,179,1
42394,227,0
48314,224,0
18753,266,6
59890,269,3
32328,68,1
10968,157,3
18611,967,13
45445,123,2
58829,210,0
24862,245,0
21352,267,4
18482,249,3
811,139,0
41151,165,2
42535,242,1
68646,261,0
36556,161,0
71367,153,1
72166,145,1
69463,105,3
69974,189,0
64838,203,0
18726,150,1
23732,163,5
1083,209,1
53033,235,0
222,60,0
43273,229,0
28956,155,0
22115,225,2
25186,189,1
50681,151,2
59098,314,1
38819,328,4
62547,192,0
36114,223,3
49794,194,1
3517,167,0
33842,574,6
48991,206,0
58035,140,0
34721,232,0
44846,188,1
36089,181,0
30583,132,0
45485,166,0
20611,198,5
23376,159,6
45087,149,0
61459,231,1
18356,150,1
64074,105,0
7737,180,3
31289,217,2
33905,216,1
10724,172,6
43450,177,0
27999,223,2
45516,266,1
10876,217,4
40307,236,2
15348,170,4
8493,288,1
31840,286,0
36847,958,2
37409,178,6
9084,292,1
7026,162,5
33564,177,0
22760,230,12
64134,198,0
47555,143,0
30892,244,0
13935,1211,18
29239,201,3
44471,234,1
47240,761,4
61086,323,3
1376,162,0
29448,184,0
64773,225,0
133,248,0
2828,141,2
17972,28,0
44237,256,0
13212,203,5
52118,223,0
17806,196,1
41491,219,1
6567,186,1
69633,198,1
1488,159,0
55347,205,0
22720,215,2
11205,182,3
8321,214,3
4509,176,2
3718,256,1
31752,259,1
4696,242,0
1718,190,2
70034,989,1
43452,152,2
72568,217,0
54461,125,1
71955,191,0
20807,724,13
62304,220,1
61345,158,1
42007,224,2
12385,198,4
28398,207,0
73377,43,0
57055,164,0
27396,229,0
49192,257,1
40335,151,1
37807,170,0
14650,909,14
16521,217,5
9252,207,2
15323,166,0
968,167,1
64070,37,0
20320,176,6
61376,154,1
29014,221,1
38947,250,2
10260,202,5
6621,233,3
8465,273,4
44783,201,1
47170,104,0
26486,160,0
35734,244,2
40915,695,3
29481,103,0
9681,184,3
765,221,2
67595,189,1
53214,217,1
23248,290,5
9750,192,5
2774,235,0
57186,110,0
41044,239,0
8120,211,0
53685,229,1
22694,159,3
39879,119,0
72604,217,0
31812,264,0
50375,179,0
60333,257,4
22931,424,7
62969,183,1
27941,149,0
23287,197,0
73376,40,1
27936,194,0
50726,659,0
38720,236,1
31868,263,0
38354,249,3
66745,211,1
53836,160,3
20116,147,2
16885,239,4
69659,222,0
17335,282,5
12376,131,0
56541,164,1
51418,202,0
72229,249,5
50845,156,0
37990,134,0
22135,15,1
44377,184,2
66569,181,1
58403,268,0
41807,227,1
57939,258,0
70942,293,0
66890,210,2
65801,230,1
27419,271,0
17106,266,2
7439,260,5
8304,187,3
36266,184,0
64,144,0
61943,643,2
39833,203,1
68563,163,0
66797,180,0
73190,200,0
43455,163,0
20619,240,6
57904,238,0
21038,783,14
71746,232,0
60452,170,0
59453,447,1
34063,172,0
12609,245,1
20442,229,6
9860,780,13
69630,278,0
33954,127,0
14333,260,0
13509,160,0
30929,1059,2
4455,188,1
48896,94,0
45120,158,0
40673,222,0
32800,224,0
56959,108,1
53811,225,3
26832,258,1
15770,169,3
37226,65,0
24361,270,11
48270,126,7
70820,221,2
58331,197,1
62221,324,1
49724,232,0
2424,72,5
3445,185,0
70253,451,1
37708,225,0
21010,205,2
31016,218,0
51295,194,0
18125,165,3
17622,196,11
51159,217,0
17505,1174,8
31972,196,0
26503,237,0
22392,497,7
30689,83,1
43526,246,0
44717,286,2
26210,241,1
68294,274,1
35416,190,0
62367,51,0
38956,242,0
33970,211,1
19779,177,2
5832,231,0
63052,290,1
7862,182,2
14238,68,0
17621,231,0
55220,238,0
43149,183,0
25842,250,0
53231,241,0
54684,92,0
1611,134,0
30637,190,2
55385,238,2
56900,186,1
48446,106,0
36355,159,0
44831,248,1
58716,145,3
33332,246,0
31349,225,0
22111,251,6
54710,129,0
47921,186,0
16930,105,1
17451,241,1
43102,128,0
54930,171,1
37728,250,2
31296,216,1
25723,265,0
67145,1353,3
26726,196,0
59297,205,4
70890,196,0
44059,284,1
45070,594,1
4611,238,1
54336,189,0
16765,128,1
19514,249,1
17878,260,3
19856,248,3
64825,224,2
4345,153,0
58082,247,0
21260,261,6
53066,571,2
12644,179,4
66362,120,0
51610,219,2
1690,422,1
71115,235,0
34595,224,1
33137,190,0
37093,266,0
19526,171,3
12051,86,1
57336,269,1
66230,253,1
1966,12,0
2247,189,0
72334,183,1
55395,186,0
12029,110,1
11886,161,1
64588,177,0
36440,204,0
3000,106,0
51858,172,0
57059,134,1
56888,246,0
71289,213,0
36908,171,0
26190,172,0
65681,284,1
42094,298,0
19977,283,8
33149,225,0
66774,243,0
869,208,2
66544,109,0
15364,223,4
19653,188,6
5705,58,0
49902,196,2
11759,261,10
8255,239,1
72161,129,1
4943,176,2
35534,275,1
45772,159,1
40236,210,0
25642,123,0
64400,281,0
35047,194,0
52431,218,0
39812,198,2
10384,228,4
53605,204,5
44849,176,0
15558,249,0
17226,148,3
67736,256,0
13581,201,3
64580,183,0
43147,202,2
34883,269,3
17850,204,3
61443,138,0
62698,174,1
63060,226,0
44125,246,0
7598,145,1
71331,335,0
36254,183,3
10214,190,1
10519,182,1
32878,256,2
30954,172,3
62736,192,0
71360,139,0
32919,189,1
14495,215,6
65604,173,2
41535,248,2
19701,172,6
26878,170,0
59133,170,0
14951,840,16
19517,212,0
22872,128,4
1011,168,0
22539,246,5
58414,256,0
64421,200,1
8468,241,5
24987,205,0
24144,139,0
11402,120,4
61265,142,2
1469,186,1
71303,226,0
71032,214,0
54179,336,0
10723,242,4
18812,194,0
41329,245,0
57003,476,2
3696,135,0
35333,236,1
44536,279,0
58958,327,3
54370,275,0
11662,216,5
28284,780,1
66268,129,1
51329,145,0
59857,324,0
41974,205,2
49353,1028,0
49975,358,2
19717,223,1
61033,661,0
41133,261,0
57266,234,0
54824,168,1
8959,27,2
27839,114,0
26592,234,1
53442,184,0
6479,180,1
69975,177,0
27416,257,0
58449,208,1
67607,287,0
54189,214,2
49229,260,0
1759,196,0
53512,230,0
73288,184,2
31966,136,2
42287,257,4
47506,199,1
9381,291,3
42149,1268,2
19556,199,2
9862,565,10
22823,210,5
38631,280,2
28706,225,2
62883,150,0
22732,206,3
32125,398,0
39578,193,0
46183,215,0
52117,233,4
70752,133,2
49913,156,1
44744,235,2
9925,160,2
23243,219,4
43574,174,0
58255,246,0
21927,1180,17
16230,198,2
39197,214,1
55602,157,1
30935,805,1
29549,177,0
68638,242,0
69201,210,0
37004,297,1
66240,136,0
8558,241,5
16881,200,5
62756,212,1
16874,144,0
9127,168,8
35469,1589,17
7661,183,2
45190,180,0
16409,170,2
31468,130,0
35984,158,0
26324,132,2
66936,219,1
2773,223,0
41034,197,1
53572,228,1
58384,226,2
49636,251,0
63695,205,0
22216,177,3
25625,281,0
37334,170,0
29229,141,0
49605,1019,1
13826,183,7
58159,273,0
54389,77,0
61244,148,0
7670,67,0
38911,208,0
2576,193,2
35492,156,0
39269,1477,5
31513,276,1
27162,177,1
35141,152,0
33919,182,1
41027,275,1
11877,1047,12
67257,168,0
945,144,1
3705,199,2
603,92,1
15017,222,3
3670,93,0
10172,179,2
30883,161,1
46740,227,1
42293,148,2
24013,84,0
36690,205,1
5996,135,4
3844,167,1
60471,281,0
2614,218,3
46750,64,2
23076,122,2
71141,163,3
53699,255,1
46899,208,0
37034,948,1
2902,166,0
41421,229,0
25643,168,2
32027,185,4
66816,153,0
70104,152,1
14046,192,1
49125,387,9
63976,157,0
32155,195,1
17393,210,5
44342,272,3
45510,222,0
7177,176,3
56619,157,1
66857,226,0
13482,632,10
19110,117,0
11784,154,5
42704,257,0
35991,194,0
44565,196,0
38971,216,4
69705,299,0
61194,252,0
51353,219,1
30671,251,0
71403,259,1
58104,317,0
40216,139,1
35946,599,2
4119,158,1
25567,215,0
4969,190,0
43637,225,1
52449,229,1
32013,180,0
42194,270,0
67512,279,0
11863,173,3
67136,93,2
18062,169,0
25050,174,2
8730,96,2
33387,220,0
49898,199,0
21349,227,4
48672,240,2
14799,153,3
55880,264,0
364,189,2
54073,179,2
43683,178,1
63030,186,0
29344,176,0
37723,174,0
61424,101,1
70041,186,4
35229,1011,3
66879,185,1
39588,149,2
35066,177,0
72923,186,0
49489,233,1
8458,1697,21
66259,227,1
69706,272,2
49007,211,0
39409,219,0
64945,176,0
937,107,0
50563,221,3
12572,206,1
10261,180,2
58461,167,0
24722,165,1
21001,225,5
8459,223,2
65747,240,0
70048,220,2
19408,189,6
59804,240,2
33483,312,1
51713,35,1
48389,208,0
41349,260,1
69972,259,0
25679,709,3
70673,218,1
57105,144,1
68106,228,2
68748,1269,2
12044,180,0
70590,202,0
37271,174,0
51873,93,0
48727,170,1
39868,131,1
25764,191,0
43430,171,1
20726,155,1
10302,974,6
9661,157,7
26110,103,0
2017,129,1
56823,290,1
25857,295,0
48019,179,0
22336,208,6
36023,214,1
36076,206,0
47656,150,1
46363,215,0
45015,148,3
43817,172,0
49412,163,0
21332,200,7
21407,227,4
3144,137,2
69830,134,0
42190,241,0
28403,196,3
33260,226,1
35001,248,3
12272,167,3
13229,161,1
51177,173,2
59873,260,2
9847,80,0
16550,209,4
63497,186,1
53920,270,0
63473,225,0
46508,582,0
64770,304,0
65194,273,0
10277,172,0
27428,194,0
53877,210,0
46688,219,0
51131,295,2
9227,248,4
40893,177,0
89,211,0
47746,198,1
27387,221,1
72139,117,1
68851,207,0
57264,174,1
63157,228,0
41386,292,0
6426,249,7
65738,273,0
38024,198,0
59360,509,2
65293,160,0
39493,220,0
72988,223,0
21499,979,20
42947,224,1
72822,241,2
30998,254,1
23129,197,5
5678,105,0
23518,186,3
6609,315,5
37101,272,1
14830,183,3
38949,268,0
13974,187,6
53469,267,1
966,160,1
29454,194,1
70338,236,0
44984,254,0
65233,207,1
36596,163,1
22188,127,4
67853,177,0
21915,369,6
46679,160,1
47730,170,0
22324,173,3
70282,182,0
70012,216,0
36724,203,0
31652,102,2
65590,190,1
70481,227,0
60313,254,1
59691,187,0
22754,231,9
20882,253,3
15551,157,1
8921,139,1
18293,192,0
51599,277,0
27021,242,3
40932,256,1
70637,231,0
12231,192,1
14472,114,0
63071,394,2
7185,56,1
69295,196,0
70689,220,0
38706,207,2
15492,224,3
7881,216,8
31953,125,2
28691,224,0
3140,153,0
52473,68,2
17729,505,13
50513,146,3
35572,123,1
45676,183,1
67098,224,0
49901,143,2
18371,227,1
33517,145,0
47180,240,0
29041,192,0
72838,197,0
16501,263,10
7254,173,3
13144,118,1
52058,62,2
9206,85,3
59971,574,0
43060,215,0
58045,648,0
31566,177,1
69146,121,2
37953,209,0
49562,220,0
62575,174,0
49972,197,1
6874,233,2
3288,215,0
53308,98,1
31485,212,2
28544,179,0
61058,151,0
21810,165,1
26740,322,0
56699,270,0
22258,190,8
67850,236,0
33989,207,1
59287,157,1
7209,173,1
48208,104,1
39584,217,0
54881,245,0
54264,238,1
3346,128,2
12165,190,1
29111,102,3
26905,290,3
47974,294,0
42398,286,0
27333,245,1
71811,228,0
4640,803,6
62559,259,1
58346,170,0
59436,141,0
27376,274,0
49957,162,0
33324,231,0
56399,190,0
56859,126,0
24444,141,0
39066,265,2
37977,222,2
45640,851,1
48908,108,0
35149,262,2
5016,965,5
35750,386,1
5,163,2
27197,163,1
40905,70,2
71090,193,1
10418,185,4
66593,124,0
19330,628,0
41875,96,2
41722,133,3
61412,155,0
72748,241,2
30980,204,7
34440,256,1
14629,158,2
28379,177,0
28662,88,3
23641,244,5
58286,152,3
35197,201,0
19757,237,1
17514,232,7
27580,884,1
26975,252,0
15278,256,3
60461,239,0
67387,171,1
72897,222,0
51010,255,4
27211,164,0
67031,246,1
53919,220,2
45593,290,1
17107,238,2
13280,161,3
30193,233,1
48999,184,2
13123,180,3
53280,171,0
59525,488,2
39446,185,0
16897,134,3
23111,283,4
18758,267,4
55178,268,1
3948,132,3
57588,253,1
41424,182,2
53645,108,2
28801,241,1
8056,166,2
41109,273,0
67593,285,0
31723,225,0
69980,171,1
19937,221,5
25855,191,0
65280,245,3
21768,204,0
24707,172,0
1138,136,2
1602,725,5
72064,209,0
59832,161,0
325,60,0
71005,173,1
3600,284,0
27215,321,4
59062,295,0
419,74,0
23855,210,2
49825,123,1
13676,193,3
24548,232,0
29809,160,1
6573,298,3
28639,90,0
6053,290,2
51005,209,0
29341,163,0
64139,143,1
53880,276,1
669,24,0
64662,1041,0
29783,152,2
53349,168,2
46432,171,0
58413,223,0
72576,1233,2
40409,1128,1
29046,221,2
35121,140,2
62926,608,6
16649,28,0
43085,172,0
72029,149,0
7730,209,8
33192,206,0
28705,122,1
32940,167,2
5221,187,1
67677,257,0
37596,143,0
65858,180,0
5401,221,0
43219,228,1
34242,276,2
22053,145,7
9501,182,4
61391,59,0
59889,195,1
6532,82,3
57600,198,1
42848,222,0
37256,694,4
32905,113,0
58126,246,0
48662,281,0
64184,231,0
53228,156,0
62358,167,0
22413,238,10
32889,225,0
33263,179,0
9645,281,1
61587,256,1
55962,337,0
31304,181,0
36884,300,5
54034,101,2
47239,650,1
19162,140,0
45902,185,2
16554,174,3
67079,220,2
67547,281,0
57928,208,2
73494,44,0
18593,128,1
56142,165,0
38973,186,0
29237,242,0
14125,217,2
63590,82,0
12579,225,2
37424,198,2
58916,382,1
52938,209,0
33152,156,0
53514,203,2
31668,926,2
33633,213,0
65006,190,0
67864,272,0
41945,260,1
56254,226,0
17110,163,2
28327,225,1
35948,2025,41
63053,288,0
51883,190,0
62542,106,0
14532,176,5
47784,280,1
24759,205,0
28183,137,1
10918,154,7
39398,148,0
32209,135,0
6879,238,4
48895,107,1
14883,207,0
53885,257,0
28471,146,1
70931,73,2
11160,285,0
57158,213,0
65687,219,0
29732,173,2
10499,195,2
51864,143,0
54526,281,1
28692,235,2
65134,200,1
62871,793,1
2422,53,0
48826,209,1
31316,161,1
12371,245,0
17943,186,2
15820,139,1
60578,207,10
45948,320,1
24574,270,0
56684,199,0
45538,213,0
24543,269,0
41931,104,3
51993,160,1
61636,279,0
15776,167,4
53028,145,1
72037,133,0
60448,258,0
5836,122,0
21890,232,5
22764,177,3
51037,237,1
44901,169,0
18808,154,2
62623,35,0
65372,198,0
52328,225,0
32483,218,1
27472,255,0
17786,170,5
65146,299,1
13427,180,2
38071,172,1
10160,198,0
50317,168,6
6585,275,3
47571,176,5
19708,134,10
6258,101,3
30979,203,0
33079,212,3
52158,214,0
56156,93,0
278,123,0
38944,158,1
4994,263,1
67730,239,0
24567,212,0
49677,266,1
10993,641,20
22938,800,19
39549,185,1
37634,201,0
6579,234,6
33310,192,0
21145,252,2
4388,131,2
1917,243,0
51257,218,5
23236,183,1
65247,255,0
57126,247,0
7829,216,4
1358,226,0
35305,137,0
18182,112,0
29811,275,2
51358,192,1
56832,139,0
46098,217,0
30539,705,0
66931,233,0
18914,222,2
4877,258,1
13393,188,2
73176,216,0
41165,68,2
53759,206,1
30855,206,0
19619,205,1
19451,181,2
20534,227,4
38654,154,0
62423,227,0
10576,172,2
52509,202,1
23569,124,1
69135,231,0
13529,161,4
63682,165,0
67353,134,1
26078,180,1
37058,279,4
65404,209,0
13192,95,2
31533,237,3
30907,152,1
29279,198,2
32951,232,0
7415,131,1
27952,207,0
28522,204,1
22492,163,1
19497,244,1
53042,314,1
10817,187,3
71138,278,0
9933,173,3
9629,220,0
13612,193,3
35709,183,0
31431,790,4
28119,256,2
2515,175,0
59392,294,0
39933,227,0
20074,742,9
34400,230,1
63511,104,0
45557,218,0
43444,201,0
17728,395,5
18966,270,0
31160,362,3
26567,175,0
50458,138,0
66700,116,0
7687,176,1
2743,190,0
17111,298,15
39954,216,2
72371,202,0
27798,259,2
20912,248,4
8069,139,1
1109,178,0
11050,209,3
53314,112,0
64454,191,1
36712,178,3
45659,148,5
27762,141,1
7115,152,3
55639,248,0
28805,193,1
51248,135,2
71091,203,2
11277,238,2
2467,183,0
18284,169,0
36289,229,1
13966,176,2
49337,107,0
18969,225,0
33340,256,0
8926,170,2
46614,204,2
67537,277,0
23835,193,3
1721,215,1
3088,1100,2
69347,195,0
48706,1098,5
31126,186,2
47061,110,2
44020,1134,6
59362,2901,28
1007,158,1
44941,279,1
31361,315,2
61843,118,0
58654,287,0
59435,164,0
69968,245,0
39779,242,1
52879,127,0
72909,198,0
65591,175,1
30738,231,2
5084,157,0
34136,237,1
14056,123,4
44865,126,1
13326,216,10
27224,202,0
33452,92,0
65212,309,0
37014,321,0
36197,179,5
47335,135,0
20297,178,5
51130,593,1
16115,952,14
38784,187,2
44780,136,0
52456,56,0
52976,181,0
64073,29,1
55692,246,1
64358,246,1
37197,236,0
39118,151,1
26433,1271,10
6638,254,2
9102,257,3
38086,199,0
23238,199,3
54085,125,0
36983,156,1
4967,236,0
53455,206,0
72436,213,1
53355,143,0
50752,163,0
49283,188,0
32349,579,3
27423,239,0
40197,178,1
7761,165,2
65510,1316,3
62215,177,0
15609,135,0
40779,194,0
29208,192,1
64203,233,1
11436,210,4
72172,123,1
13334,126,2
32719,238,3
56784,277,1
47001,1638,24
7499,240,2
58707,109,3
26851,257,1
9358,293,0
4931,197,0
2269,268,5
37247,225,1
60082,186,1
11233,262,6
146,247,0
21630,233,8
39705,188,1
61451,318,1
11971,94,0
43832,121,0
13557,249,7
21275,206,4
55112,262,0
11358,119,1
68134,255,0
47946,220,0
46066,139,1
55333,105,0
36687,153,2
39778,254,1
15796,219,2
24542,207,2
39016,162,0
17286,108,4
43774,136,0
56440,100,2
65684,278,0
3072,206,0
29796,208,0
64811,201,0
63404,219,0
25262,104,0
35466,408,3
68633,249,1
41923,890,6
14449,175,2
67920,237,1
31968,142,1
50528,565,0
38602,198,1
2002,133,0
73423,100,1
62944,196,1
32971,141,0
50436,199,0
62817,194,1
70369,278,0
24724,220,0
65671,248,5
73502,49,0
20158,166,2
34168,144,2
24676,151,1
63726,164,2
57196,1121,29
64242,224,0
13219,191,9
14774,231,4
70364,133,0
30364,218,2
15326,172,1
71365,144,0
23548,267,6
29624,293,2
16799,40,0
15580,246,3
49261,262,0
347,98,0
26964,97,0
50052,773,5
32473,205,7
33249,717,3
2610,231,1
73385,59,0
70737,937,2
25526,230,0
29466,195,0
21331,168,5
48382,190,0
25506,177,2
62701,143,0
29572,179,3
36906,264,0
42385,449,1
28147,223,2
61122,291,0
59116,260,1
20373,165,2
71521,212,2
71330,178,1
55017,211,0
64953,254,0
30034,239,1
5210,218,0
17638,273,8
36253,151,0
37029,833,4
52446,284,2
9720,143,3
8862,155,2
5688,161,0
71375,263,1
10903,151,5
29085,268,1
33964,213,2
62458,237,1
40069,157,0
20340,1042,9
24624,308,1
8160,441,13
53772,257,4
30810,188,0
15150,121,1
26633,1332,12
34158,195,0
61777,122,0
5424,128,4
67315,196,0
53122,217,2
58484,782,0
42950,217,0
1467,208,0
49381,171,0
44782,190,4
60138,148,1
7107,135,1
8336,150,1
14518,223,2
25289,161,0
15798,158,0
16349,1442,11
17901,143,0
3943,104,1
10286,107,2
51294,104,0
71664,251,3
38768,90,5
27591,875,1
13682,155,5
14744,207,8
27505,241,2
54064,116,0
56767,235,0
48491,62,5
56733,584,2
50148,211,0
57044,200,0
14405,160,1
23674,197,3
43015,219,0
57925,277,0
4855,213,1
5171,126,4
26087,192,1
37019,246,1
35456,636,0
33175,151,1
54488,62,0
64204,201,4
47411,266,0
22476,197,3
25878,794,4
49833,330,0
42842,120,0
46816,50,1
4610,219,2
32749,247,0
25547,207,0
58599,137,0
24189,165,1
18928,146,1
47686,116,1
9187,68,2
71235,267,0
31821,153,0
19874,175,3
10813,222,1
27000,263,2
62539,262,0
10852,362,7
37863,109,1
6434,153,2
68112,163,1
19428,200,1
22067,138,0
13527,116,2
30180,213,2
11902,81,0
38290,177,0
31557,199,0
3823,147,0
37526,219,0
73474,290,0
61899,232,0
58327,216,1
52149,204,1
32360,215,3
38328,1014,1
67652,281,0
20921,260,0
56292,203,1
44057,269,0
27909,178,0
55960,169,0
32258,150,2
4932,150,0
69778,314,0
65853,163,1
15944,226,3
12434,196,6
35595,185,1
58959,239,0
52926,275,1
39732,259,1
24880,260,0
47763,216,0
13783,278,0
11970,84,0
1318,245,0
24552,226,0
36457,191,0
30832,222,0
8923,134,3
15220,232,3
54106,196,0
57638,462,2
11997,195,0
43545,212,5
53547,168,0
27458,241,0
47527,226,1
19559,131,4
42943,345,0
44801,228,1
20983,229,3
61574,392,0
67650,179,0
73200,224,0
38721,222,0
38663,234,1
46379,167,2
39988,260,0
28217,246,1
71854,221,1
23612,266,8
57188,114,0
3967,30,0
33378,208,1
55261,101,9
24336,207,2
13269,147,3
10575,171,2
12019,146,1
70962,140,0
6291,146,2
16586,972,14
20769,193,2
38355,239,1
20318,241,0
63486,266,3
50455,205,2
48073,243,0
67363,196,0
4561,150,0
46898,181,0
7014,173,1
9612,546,6
62928,240,0
48065,34,0
34605,193,0
36857,227,3
50602,165,0
36116,166,1
34126,293,1
28344,162,0
6063,164,1
49679,185,0
23092,215,2
8625,234,3
42987,219,2
61071,229,0
51916,165,0
64814,212,0
17811,170,5
38622,228,0
52238,199,0
46859,108,0
41728,180,3
48357,149,0
40601,230,2
64040,301,0
3744,57,0
47203,176,1
47678,1087,2
18324,209,0
23219,220,0
17137,236,5
15108,210,5
57656,156,0
23177,129,2
10764,1222,20
48732,259,1
45623,126,1
56250,164,0
37477,449,5
53044,134,1
64895,744,2
58558,262,1
35880,267,1
26928,158,0
5650,174,0
8338,164,4
67831,227,0
16040,244,4
16503,161,1
31583,200,0
48328,139,0
53224,148,2
37427,165,0
20862,231,5
44563,167,0
11398,60,4
61881,104,0
39335,254,1
493,229,2
62018,179,0
14426,821,6
4311,212,2
1443,195,3
32726,217,0
22102,194,2
2792,150,0
8062,131,1
32440,197,3
50985,227,1
58604,223,1
8667,192,3
7790,255,5
50543,150,0
19272,366,1
23442,1011,9
58144,260,0
1828,168,0
71068,232,1
35182,210,0
65326,893,1
4086,139,2
36455,214,1
42684,175,0
47023,272,0
39645,236,1
6460,213,3
12368,217,4
27975,154,0
72729,203,1
47598,195,2
39018,282,2
29931,237,1
63168,261,0
62939,246,0
43486,188,1
34108,923,2
20668,146,2
2502,264,1
46340,187,1
67719,134,1
39790,190,0
62691,237,0
46004,42,1
10469,142,4
19611,145,1
24257,179,2
34509,292,0
66329,303,0
36937,254,1
36327,232,0
47397,193,3
57760,243,4
41612,278,2
46341,213,2
23126,192,4
44400,251,1
26180,215,0
45413,290,6
72272,233,1
24131,180,0
35512,207,0
50182,173,0
7944,977,16
29392,135,0
1787,151,1
34848,165,0
20810,1007,35
69842,273,2
55989,211,0
55617,1247,2
54161,152,1
45872,210,0
20934,247,1
70644,298,0
30836,237,0
6497,207,2
62363,158,0
16006,271,5
51750,210,0
70503,30,3
57127,154,0
12558,802,12
23631,197,5
43561,675,1
33680,288,0
37040,1121,9
61220,230,1
68864,295,2
53345,241,1
14675,231,5
17493,129,7
67280,183,0
5154,135,2
5159,188,1
6805,205,7
22598,156,1
25680,716,1
54747,111,0
51744,123,2
8693,149,4
28140,245,4
9922,222,1
63145,233,0
12193,275,5
64111,288,0
8734,247,5
49193,279,0
45136,180,0
38619,149,0
55060,395,0
63528,122,0
2333,151,0
61139,315,0
70168,170,0
37811,202,0
37926,205,5
20551,72,2
57390,128,1
42173,174,0
11566,190,3
59426,191,0
64024,286,2
49756,214,0
70177,148,0
27243,260,0
30592,181,2
22007,154,3
43997,63,0
19157,191,0
66609,118,0
36110,228,0
49951,174,0
23724,220,2
54329,168,0
43418,148,0
59150,277,2
57223,244,2
53120,186,0
48374,206,0
8579,198,5
72869,208,0
58467,185,1
56403,117,0
38987,142,1
7307,119,1
26378,225,1
59288,218,1
32101,220,0
65174,208,0
57314,251,0
48414,181,0
36086,273,0
59650,151,2
58027,279,0
62306,194,0
46208,155,4
13904,230,1
43682,184,0
38217,230,1
72466,192,0
38711,255,1
57951,330,1
72945,240,1
48244,224,0
11442,161,10
2355,122,1
7509,172,0
18595,143,0
40486,267,0
58374,253,1
60517,300,1
61534,179,0
63916,108,0
15572,191,2
2129,264,1
53168,186,0
67301,230,0
71524,64,0
23338,153,3
22353,258,5
40058,219,0
42403,189,0
15567,269,2
12633,200,2
24067,134,1
50774,188,0
35829,151,1
31825,150,0
20252,129,0
11304,205,3
26787,222,1
20511,209,4
56075,215,0
27931,189,1
50594,275,1
11058,163,1
18763,207,2
16453,189,5
2249,123,0
33130,233,0
52521,186,0
19358,143,3
22503,153,3
12286,296,2
11932,109,0
37354,215,0
55919,264,2
34950,152,0
57246,261,1
38586,232,0
25447,924,0
54352,145,2
54026,239,0
61790,306,2
60481,240,0
47121,127,0
18369,195,1
56054,216,0
53768,234,0
28915,193,0
38014,225,2
22828,160,3
21173,245,2
4033,136,1
785,44,0
38284,206,2
14992,160,3
71445,211,0
21672,173,3
56423,129,1
50967,221,4
9133,204,5
55710,81,0
24968,193,1
71259,186,3
30596,309,3
1162,259,0
69745,232,0
11154,271,5
38871,232,1
56310,102,0
69610,218,1
64673,180,0
29885,255,0
57930,225,1
42963,161,0
38458,198,0
48159,180,0
36927,234,1
6982,982,22
54939,409,1
45817,788,3
55976,197,1
23030,175,1
30985,127,0
21039,540,5
54013,242,1
41925,811,14
26411,247,1
7277,153,0
43617,159,1
30606,180,4
5537,1074,2
9812,195,4
843,209,0
19311,140,0
66462,140,1
42778,222,0
21161,243,2
62555,204,0
54666,232,0
31180,587,5
44368,162,2
62329,235,0
24767,155,1
5602,185,1
17848,163,3
32348,556,0
17978,10,1
70937,208,1
19154,138,0
51836,69,0
65453,122,0
6242,165,4
60248,300,1
65382,252,1
72522,268,0
31951,185,1
19749,137,2
70379,138,0
44649,106,3
17190,285,3
2843,774,1
40907,72,5
71082,177,0
43369,183,0
46918,140,0
13795,225,3
44369,155,0
45047,214,0
6117,151,1
36115,237,0
69219,204,0
61644,287,0
49239,250,1
23412,229,7
65530,170,0
69995,163,0
8686,181,0
58830,208,1
72432,234,1
284,114,1
30384,73,1
69779,257,2
53012,154,0
30971,218,1
34058,137,0
37248,268,1
24835,179,0
22065,179,2
63777,243,0
55768,263,0
9508,173,5
61858,211,1
71315,144,2
9439,260,4
24451,205,0
12708,205,4
28914,224,1
37345,234,2
63093,66,0
52420,201,0
9286,218,4
64751,290,3
8956,46,1
26584,215,0
43951,159,0
2120,118,0
43254,244,0
64803,167,1
11510,266,3
66314,124,0
8757,186,5
21032,96,2
33032,240,0
5566,124,1
57191,772,9
73455,206,8
12402,157,4
67163,185,2
57195,61,8
8401,222,8
65992,750,3
55457,183,0
12869,192,2
62302,217,0
13248,986,9
48103,184,0
26156,218,1
7696,92,3
24536,212,1
26685,169,1
39609,286,0
71324,135,0
39709,104,0
37372,169,0
44446,579,0
55254,200,3
66811,197,0
39201,226,0
59083,219,1
30018,194,2
6991,841,11
40258,148,0
9480,278,3
58764,306,0
50684,219,1
36750,104,1
52671,85,3
1385,162,0
20049,125,2
36682,187,1
38581,205,1
23987,187,0
16651,212,3
22212,115,4
25874,98,1
50539,634,0
17270,141,1
33386,224,1
41735,188,1
62484,262,0
13538,191,0
42727,115,0
54936,406,2
10565,108,0
48631,250,1
70180,142,0
27757,201,0
43777,219,0
8777,132,0
26977,178,0
15398,192,2
48930,3007,52
14633,189,0
67469,245,1
56801,197,0
35691,652,5
33537,200,0
34923,214,1
48466,115,0
5730,356,2
34702,155,0
5454,203,2
34383,230,0
27434,255,0
20758,130,6
71993,295,0
49435,152,0
26169,272,4
70051,127,0
15208,136,2
14602,220,4
61893,122,0
49594,794,0
63643,208,0
51783,411,4
69523,231,0
3860,107,1
52163,179,1
31008,217,0
49060,234,2
31043,121,2
36578,154,0
69470,145,0
31460,244,0
46023,799,20
26920,183,1
9412,141,2
42760,241,3
8431,74,3
830,150,0
30363,219,0
60126,208,2
3278,169,0
8349,127,2
6840,157,3
23123,233,4
12094,1011,11
56065,222,1
12474,157,6
42567,284,2
3204,167,0
59742,132,0
32628,218,1
69004,168,2
28441,314,0
69272,139,2
25126,249,1
60247,207,0
8220,187,6
71468,241,3
1408,228,1
49664,309,2
2593,141,1
17305,1005,18
34316,772,0
63196,283,0
51181,215,1
9828,237,2
3682,130,0
57181,40,0
61347,181,0
61895,196,0
5152,142,2
67869,289,0
29725,173,0
22398,882,12
13345,183,2
60398,282,0
21483,220,2
52003,196,1
64536,175,3
65260,289,0
38681,204,0
8690,279,5
37676,132,0
52749,237,1
28763,237,1
25059,197,0
68494,272,0
54859,168,0
49421,171,1
23366,320,4
59443,261,1
66537,124,0
67510,159,0
55704,200,0
11012,234,1
65998,547,0
27613,132,0
43841,122,1
61561,76,0
35068,145,0
49349,728,1
54744,388,1
63359,182,0
35237,115,0
8962,61,0
22927,173,3
51291,159,2
71717,790,0
20446,279,6
65314,87,1
68781,204,0
21100,165,1
72158,203,0
9775,128,6
48057,33,0
23221,272,0
31979,134,3
11753,207,6
60513,202,2
14039,187,3
54091,251,0
58839,220,1
63756,154,0
26400,207,0
43117,180,0
3929,191,0
29069,151,1
27299,68,3
44737,253,2
35979,304,0
33429,183,1
67219,139,0
17395,281,3
2672,180,1
1272,170,0
18838,139,10
44497,285,0
18663,175,6
46959,141,0
20082,618,11
51903,104,0
31625,257,0
44485,191,2
48975,215,1
18212,1241,5
2754,116,0
2453,231,0
34357,156,1
27208,206,0
17242,166,4
72375,55,4
36909,245,1
40711,128,1
25860,117,0
56417,218,0
45475,192,1
65369,258,0
16346,1364,7
36258,261,2
65936,219,0
35133,188,1
22050,155,1
52293,961,15
29826,1339,5
48902,85,0
4858,172,4
33004,782,2
47628,209,0
33982,192,0
39990,132,1
52992,243,0
21470,195,1
31605,159,2
50672,147,1
50470,182,1
10284,123,3
58465,251,0
20495,174,4
62153,178,0
35268,232,0
35680,223,1
58420,164,0
63019,202,0
51517,193,0
18786,206,2
5413,232,1
49861,219,0
25439,742,0
43856,205,2
2156,128,1
21386,214,7
61985,244,2
53085,92,0
57941,256,2
73481,166,1
54852,275,1
3433,209,2
70534,101,7
64741,168,1
58784,214,0
67081,191,0
42231,236,2
3028,126,0
17859,215,4
44117,236,2
25103,208,2
32238,300,6
30499,347,0
41494,181,0
41989,108,2
32863,134,0
31474,160,1
1608,162,0
68981,239,0
28018,194,0
27179,126,0
14536,242,7
47054,142,0
56452,171,0
35774,193,0
45622,127,1
49078,176,3
29628,176,2
63319,177,1
26711,133,0
52232,264,1
67639,212,0
659,201,0
71878,230,0
22848,175,4
71989,258,0
46323,139,0
50160,167,0
63465,234,0
31421,223,0
27633,188,1
2194,98,2
44044,284,2
16893,154,2
33009,890,2
30225,217,2
65159,203,0
1463,153,0
43357,204,2
55992,181,0
56569,196,0
653,155,0
57724,177,2
26733,228,1
73157,246,2
66781,268,0
6667,269,2
37463,53,0
13976,223,5
31838,287,0
13185,208,2
44876,205,0
33727,215,3
42483,184,0
50638,192,1
70846,236,2
68235,268,1
1288,230,2
56115,194,0
5890,56,0
51480,32,0
47264,215,1
55250,185,0
2720,191,0
15522,230,7
42868,208,0
11635,160,4
48568,220,2
8432,61,1
7585,171,1
26679,234,3
37559,215,4
46629,163,3
35102,173,3
6324,225,2
3634,140,0
36640,182,0
324,166,0
27897,179,1
48146,156,0
27358,200,0
64166,245,0
35520,233,3
44341,195,2
3917,96,2
18276,184,0
39473,1209,2
19275,234,3
61254,174,1
50477,177,0
55085,654,1
13097,196,5
69678,232,2
52026,189,0
37254,690,2
57301,279,0
72899,225,1
56500,127,2
1682,98,3
62193,1139,22
28647,172,0
65381,191,1
52776,252,0
17763,166,6
72440,264,1
27946,156,0
60839,218,0
13484,808,10
48665,236,1
72054,206,0
36291,178,2
30248,294,2
71754,191,2
34905,224,1
2529,205,0
49382,211,3
13446,239,3
68950,219,0
36016,249,5
12198,308,0
15055,196,3
44318,186,0
71263,128,3
42738,250,1
67419,589,1
58422,134,1
36612,664,3
32885,163,0
2106,191,0
19160,160,1
44091,196,1
27495,200,0
33996,229,0
40105,187,0
56271,37,0
54617,343,8
34658,307,3
55961,349,1
7261,126,2
45057,286,0
44974,228,1
65711,254,0
53962,242,2
35853,150,0
39011,633,4
67893,168,0
29674,124,1
53716,166,0
34940,122,0
14098,237,2
24019,198,2
56538,290,0
55586,224,0
4605,190,0
40461,181,0
4360,148,2
43185,206,0
654,46,0
56036,229,0
55752,197,0
56293,91,5
28812,186,0
12360,310,3
36400,212,1
51785,141,0
68175,165,2
40859,206,0
72689,179,1
10155,174,2
28364,239,0
70239,10,0
60225,254,0
4422,404,0
64862,75,0
62418,133,0
52282,806,4
48818,275,0
66008,147,0
49981,171,0
64757,236,0
15586,212,2
41581,226,0
69473,143,0
36191,729,4
58952,1234,2
53293,24,1
37132,136,0
21716,155,5
27337,108,0
55791,717,0
26519,165,1
13359,193,1
56216,118,0
61291,261,0
43806,141,0
71653,224,0
48581,214,0
2228,92,0
47308,134,1
6625,188,3
35491,193,1
23415,239,0
28028,208,0
67379,229,0
4034,127,1
784,22,0
9926,153,2
55487,185,0
72050,203,0
48862,99,0
20674,183,3
47529,186,3
72325,219,1
16687,220,3
44031,1128,0
56812,157,0
45541,216,0
33681,209,0
68068,926,0
51515,1582,19
13425,175,1
39191,230,0
16889,149,3
53881,268,0
68269,1345,7
48105,205,0
51921,248,1
2392,218,1
12653,148,2
48282,284,4
55614,667,1
22251,133,2
27653,212,0
27297,37,4
63557,182,0
47207,129,5
51655,219,0
61441,116,1
59502,286,0
47464,229,1
27566,195,1
9656,279,4
1640,121,1
41961,188,0
29364,284,1
9589,190,2
62828,240,1
49204,290,1
45655,237,1
39692,146,0
68174,255,0
41902,76,0
63408,159,0
14451,148,3
58113,240,0
22021,282,2
17104,223,3
5825,210,0
39319,301,0
64901,246,3
51275,124,0
47668,185,1
24098,141,0
47867,426,2
15175,212,4
12777,268,3
29926,310,2
48347,77,1
40876,173,1
56038,167,2
57103,180,0
41933,158,0
51073,154,1
18368,239,3
21452,144,2
647,128,2
55715,74,0
32421,167,5
60630,196,1
45768,150,0
53925,294,0
42512,132,1
19947,193,4
25342,235,2
29845,221,0
67253,156,0
37781,176,1
3849,144,0
66469,194,3
40786,184,1
26647,189,0
26778,189,1
38854,234,1
11104,197,3
50343,166,1
67307,228,0
27213,240,0
7889,181,5
27856,174,2
69461,198,1
48548,251,0
52794,233,1
8462,322,2
52354,256,0
49095,265,3
8958,58,2
29375,250,2
24830,203,1
35813,277,1
17444,255,9
39175,232,1
39516,160,0
70675,183,1
72513,298,0
67565,233,1
41760,184,1
56027,197,0
41203,302,2
21067,290,3
12843,105,0
5575,213,0
31674,72,0
63461,164,0
16863,189,1
34139,242,0
18979,214,3
29834,368,0
12480,190,5
46418,178,1
53693,273,2
32674,299,1
51461,295,1
23448,553,6
10159,160,4
54608,281,0
71318,159,0
5390,208,0
5195,225,0
11412,987,11
25596,113,1
17318,248,8
37655,185,1
20421,261,5
68786,268,0
5829,212,1
57712,252,2
34989,358,3
43745,215,1
49935,122,1
16979,90,1
19931,169,4
38005,158,0
39887,435,2
27527,237,1
31127,216,0
8104,181,7
23864,219,2
28946,209,0
13778,245,7
51038,202,1
37220,124,0
53775,160,0
59851,177,1
19872,162,3
14680,154,0
22063,155,0
28126,247,0
72588,216,6
44112,227,1
37586,125,0
1856,210,4
32725,203,1
1585,179,1
39274,752,4
16102,63,5
41907,87,2
48865,171,0
53508,959,11
65436,246,0
10413,271,9
70713,267,0
25470,131,0
23713,148,2
18646,181,4
7805,157,3
15103,178,8
45922,208,1
72295,232,6
13716,748,8
11281,242,2
59766,139,3
2207,279,1
39712,153,0
17909,159,6
44928,260,2
34583,257,0
36252,149,1
41152,168,2
58395,207,0
61452,259,0
1678,181,0
37148,161,1
9422,454,3
62835,320,0
56462,159,0
21547,213,2
2554,154,0
45987,194,3
13118,255,8
48181,129,0
63841,1016,0
49781,245,1
42552,159,0
63181,223,0
61524,164,0
68883,252,2
21523,220,4
69650,234,0
68463,150,0
6171,140,3
55836,178,0
26664,116,0
33845,792,1
9184,161,4
15985,170,6
59855,207,0
25265,208,1
33902,170,0
57404,1005,0
31439,1035,3
38383,171,1
21790,99,5
72134,193,1
19190,173,5
40468,206,2
42195,271,2
564,163,0
47165,199,0
58627,326,1
2457,121,0
28520,148,3
33948,216,2
36225,222,1
69243,118,0
54886,178,0
59926,186,1
26918,120,0
48186,139,0
58951,899,0
6436,142,2
34834,182,0
319,70,0
51373,223,1
29588,117,1
60800,339,1
51463,124,0
14420,1033,6
65883,210,2
25465,178,1
20028,196,4
30965,114,0
26549,141,1
44205,258,1
31074,193,0
27413,165,0
53165,202,0
52194,167,0
41895,239,2
7545,154,2
23315,177,1
97,228,0
34730,814,3
33196,187,2
54869,224,0
41326,255,0
19762,233,7
3532,173,0
24381,62,1
71355,171,0
10032,194,2
16145,216,3
40885,171,0
17967,148,5
9751,188,2
37050,240,1
35150,183,0
45184,311,2
67417,391,0
19984,209,7
58456,345,0
16199,200,1
36694,177,1
14819,106,1
47501,309,2
63065,202,0
68307,128,0
68671,180,0
32682,222,0
61541,104,0
33405,247,2
40664,243,1
34089,145,0
45476,245,0
45067,396,2
28058,98,0
27381,264,1
43887,214,1
67777,258,0
29789,175,0
35478,166,2
39794,184,1
61411,85,0
7538,183,1
68699,292,1
72449,126,0
17846,170,3
49453,161,0
27902,135,1
39651,141,0
50986,245,2
31607,173,0
10053,179,2
67945,252,1
14878,173,0
43080,265,2
12930,225,0
35432,125,0
46585,167,1
28499,184,0
72562,180,0
55299,259,1
60353,65,0
53942,242,1
69549,228,1
33210,196,0
14452,156,4
28103,242,1
68477,243,0
51326,155,0
30386,140,0
68163,167,0
70187,105,0
42976,244,0
43042,615,2
41825,86,0
58090,312,0
3507,582,0
53959,230,0
34531,464,1
19509,289,3
48936,227,2
7437,59,0
51430,256,1
49658,150,1
21641,125,6
6852,242,2
68055,103,3
16,146,0
22022,266,5
18203,149,3
3616,151,1
49530,197,1
24791,230,0
51890,79,2
15040,205,2
54325,114,0
55439,538,0
549,109,0
13272,128,1
2020,231,6
4108,191,5
22325,136,2
40505,173,1
30265,83,1
22619,167,5
71239,163,3
69352,144,0
44448,496,1
17167,271,5
71171,143,1
63270,215,0
36304,197,2
61470,201,0
46176,226,2
10634,183,3
47777,193,0
52778,218,0
67033,195,1
30501,250,0
23473,271,7
13807,202,4
14904,163,3
33011,215,9
3213,161,0
62775,195,1
5719,306,0
39272,744,5
19884,273,4
10658,166,3
19274,236,1
62413,426,0
27490,216,2
12170,262,2
65204,241,1
66237,114,0
29304,172,2
47342,180,2
31907,125,4
5468,167,3
242,239,0
3537,196,1
35128,123,0
22982,105,1
53338,156,0
52825,79,0
51236,126,1
39235,259,2
13230,160,7
11675,223,3
70953,195,2
704,28,0
33790,291,1
12049,183,0
9975,157,2
62760,356,0
14307,188,3
12735,253,3
71954,67,0
67275,129,2
61934,80,1
34314,77,1
72939,274,2
39633,264,1
73088,225,0
61566,205,0
61159,362,0
57319,279,1
70604,251,0
57569,247,0
11864,384,3
2401,195,0
28125,281,0
29816,242,2
22941,454,7
51732,142,0
19938,243,1
19784,229,2
41007,122,0
11380,169,2
66464,150,1
57121,235,0
28425,339,0
13000,108,4
47634,127,0
23379,134,3
55753,227,2
9045,254,5
3706,116,1
22761,176,3
47539,123,3
54698,153,0
70987,246,2
27844,156,0
10749,181,1
17794,112,3
70489,227,0
53226,227,0
28143,244,2
2821,168,0
8022,228,6
36377,262,1
32427,238,0
29523,186,1
44556,172,2
51832,121,1
47829,201,0
64744,214,1
55762,151,0
3258,229,0
37081,271,2
2591,171,0
56402,196,0
3907,184,2
13689,216,3
41967,178,0
48780,325,0
17616,138,6
44824,262,2
25339,143,0
32630,241,0
29489,158,1
54929,178,0
67070,175,0
71625,205,0
41459,127,0
8208,183,4
20952,229,1
26729,171,2
35311,153,0
62053,177,0
23729,186,1
65343,394,0
39966,205,0
20205,242,5
57645,211,6
16716,185,1
11615,216,5
71214,342,3
58316,164,2
60052,262,4
5576,231,1
29842,240,0
61141,240,2
70654,200,2
17626,89,3
38642,265,0
19071,153,1
68347,229,0
33225,223,1
